timestamp,ticker,model,rmse_return,mae_return,directional_accuracy,seed,test_samples,validation_start,validation_end,test_start,test_end,best_epoch,epochs_ran,hidden_layer_size,dropout_rate,cnn_filters,num_layers,window_size,learning_rate,batch_size
2026-09-27T21:25:19,AAPL,LSTM,0.01820427440858963,0.01244646431222847,0.4726962457337884,42,587,2022-08-24,2024-05-22,2024-05-23,2026-09-25,7,22,32,0.05,64,1,20,0.001,16
2026-09-27T21:25:31,AAPL,CNN-LSTM,0.01790257913319059,0.012014526760822984,0.4880546075085324,42,587,2022-08-24,2024-05-22,2024-05-23,2026-09-25,10,25,32,0.05,64,1,20,0.001,16
2026-09-27T21:25:39,AAPL,CNN-LSTM-Attention,0.017995691582691244,0.012105308360093008,0.47952218430034127,42,587,2022-08-24,2024-05-22,2024-05-23,2026-09-25,1,16,32,0.05,64,1,20,0.001,16
2026-09-27T21:25:48,AAPL,LSTM,0.01807359365209341,0.012137893966302235,0.5187713310580204,123,587,2022-08-24,2024-05-22,2024-05-23,2026-09-25,10,25,32,0.05,64,1,20,0.001,16
2026-09-27T21:25:58,AAPL,CNN-LSTM,0.018057581921274053,0.012227493336684348,0.4539249146757679,123,587,2022-08-24,2024-05-22,2024-05-23,2026-09-25,8,23,32,0.05,64,1,20,0.001,16
2026-09-27T21:26:06,AAPL,CNN-LSTM-Attention,0.017992948283605027,0.012101825463197834,0.48293515358361777,123,587,2022-08-24,2024-05-22,2024-05-23,2026-09-25,1,16,32,0.05,64,1,20,0.001,16
2026-09-27T21:26:12,AAPL,LSTM,0.018158820984888517,0.012346394788742181,0.45563139931740615,2026,587,2022-08-24,2024-05-22,2024-05-23,2026-09-25,2,17,32,0.05,64,1,20,0.001,16
2026-09-27T21:26:24,AAPL,CNN-LSTM,0.01795985329698392,0.012116825355949662,0.47952218430034127,2026,587,2022-08-24,2024-05-22,2024-05-23,2026-09-25,12,27,32,0.05,64,1,20,0.001,16
2026-09-27T21:26:32,AAPL,CNN-LSTM-Attention,0.018098760556344018,0.012231129829846624,0.46757679180887374,2026,587,2022-08-24,2024-05-22,2024-05-23,2026-09-25,2,17,32,0.05,64,1,20,0.001,16
2026-09-27T21:26:38,AAPL,LSTM,0.018151226188532512,0.012326243905202247,0.4641638225255973,7,587,2022-08-24,2024-05-22,2024-05-23,2026-09-25,1,16,32,0.05,64,1,20,0.001,16
2026-09-27T21:26:49,AAPL,CNN-LSTM,0.017917698821208465,0.012058058041309085,0.4726962457337884,7,587,2022-08-24,2024-05-22,2024-05-23,2026-09-25,9,24,32,0.05,64,1,20,0.001,16
2026-09-27T21:26:57,AAPL,CNN-LSTM-Attention,0.01811425239592636,0.012274780949653516,0.4761092150170648,7,587,2022-08-24,2024-05-22,2024-05-23,2026-09-25,2,17,32,0.05,64,1,20,0.001,16
2026-09-27T21:27:04,AAPL,LSTM,0.018125115453871878,0.012301475430403011,0.4709897610921502,99,587,2022-08-24,2024-05-22,2024-05-23,2026-09-25,5,20,32,0.05,64,1,20,0.001,16
2026-09-27T21:27:16,AAPL,CNN-LSTM,0.01788087991551496,0.012001441250473196,0.5102389078498294,99,587,2022-08-24,2024-05-22,2024-05-23,2026-09-25,11,26,32,0.05,64,1,20,0.001,16
2026-09-27T21:27:24,AAPL,CNN-LSTM-Attention,0.01792853062446508,0.012007189871671384,0.49829351535836175,99,587,2022-08-24,2024-05-22,2024-05-23,2026-09-25,1,16,32,0.05,64,1,20,0.001,16
