timestamp,ticker,model,rmse_return,mae_return,directional_accuracy,test_samples,optimized_by_ga_woa,max_epochs,epochs_ran,best_epoch,seed,hidden_layer_size,dropout_rate,cnn_filters,num_layers,learning_rate,batch_size,window_size,validation_start,validation_end,test_start,test_end
2026-09-27T18:10:41,AAPL,LSTM,0.018620379343067647,0.012938555264344367,0.49658703071672355,587,False,120,32,17,42,64,0.1,32,1,0.001,32,60,2022-08-24,2024-05-22,2024-05-23,2026-09-25
2026-09-27T18:10:46,AAPL,CNN-LSTM,0.018198482834934884,0.0123605155367928,0.48464163822525597,587,False,120,20,5,42,64,0.1,32,1,0.001,32,60,2022-08-24,2024-05-22,2024-05-23,2026-09-25
2026-09-27T18:10:50,AAPL,CNN-LSTM-Attention,0.018207443032559698,0.012426174060740652,0.46245733788395904,587,False,120,16,1,42,64,0.1,32,1,0.001,32,60,2022-08-24,2024-05-22,2024-05-23,2026-09-25
2026-09-27T18:10:57,AAPL,GA-WOA CNN-LSTM-Attention,0.017865979932963218,0.011882084236676116,0.5546075085324232,587,True,120,16,1,42,96,0.05,16,1,0.0001,16,20,2022-08-24,2024-05-22,2024-05-23,2026-09-25
2026-09-27T18:11:01,AAPL,LSTM,0.018260193613570636,0.012519817920183232,0.48293515358361777,587,False,120,18,3,123,64,0.1,32,1,0.001,32,60,2022-08-24,2024-05-22,2024-05-23,2026-09-25
2026-09-27T18:11:05,AAPL,CNN-LSTM,0.018021591093812964,0.012169007952127543,0.47440273037542663,587,False,120,17,2,123,64,0.1,32,1,0.001,32,60,2022-08-24,2024-05-22,2024-05-23,2026-09-25
2026-09-27T18:11:09,AAPL,CNN-LSTM-Attention,0.018052718339389415,0.012206874019871253,0.4709897610921502,587,False,120,16,1,123,64,0.1,32,1,0.001,32,60,2022-08-24,2024-05-22,2024-05-23,2026-09-25
2026-09-27T18:11:18,AAPL,GA-WOA CNN-LSTM-Attention,0.017903783102236726,0.011978375323926276,0.48976109215017066,587,True,120,19,4,123,96,0.05,16,1,0.0001,16,20,2022-08-24,2024-05-22,2024-05-23,2026-09-25
2026-09-27T18:11:22,AAPL,LSTM,0.018205867907473722,0.0123627524208651,0.48293515358361777,587,False,120,20,5,2026,64,0.1,32,1,0.001,32,60,2022-08-24,2024-05-22,2024-05-23,2026-09-25
2026-09-27T18:11:26,AAPL,CNN-LSTM,0.01809702576924888,0.012257082931484507,0.45733788395904434,587,False,120,16,1,2026,64,0.1,32,1,0.001,32,60,2022-08-24,2024-05-22,2024-05-23,2026-09-25
2026-09-27T18:11:30,AAPL,CNN-LSTM-Attention,0.017966293420902887,0.012074657615591514,0.4778156996587031,587,False,120,16,1,2026,64,0.1,32,1,0.001,32,60,2022-08-24,2024-05-22,2024-05-23,2026-09-25
2026-09-27T18:11:39,AAPL,GA-WOA CNN-LSTM-Attention,0.017868002875326867,0.011914488129457257,0.5546075085324232,587,True,120,18,3,2026,96,0.05,16,1,0.0001,16,20,2022-08-24,2024-05-22,2024-05-23,2026-09-25
2026-09-27T18:11:43,AAPL,LSTM,0.018452598523154035,0.012584154675484878,0.4590443686006826,587,False,120,21,6,7,64,0.1,32,1,0.001,32,60,2022-08-24,2024-05-22,2024-05-23,2026-09-25
2026-09-27T18:11:49,AAPL,CNN-LSTM,0.018370369474824105,0.012580881720231153,0.4863481228668942,587,False,120,27,12,7,64,0.1,32,1,0.001,32,60,2022-08-24,2024-05-22,2024-05-23,2026-09-25
2026-09-27T18:11:54,AAPL,CNN-LSTM-Attention,0.018317793797689157,0.012540355380571857,0.4778156996587031,587,False,120,18,3,7,64,0.1,32,1,0.001,32,60,2022-08-24,2024-05-22,2024-05-23,2026-09-25
2026-09-27T18:12:02,AAPL,GA-WOA CNN-LSTM-Attention,0.017862570759731005,0.011938307553477943,0.5238907849829352,587,True,120,16,1,7,96,0.05,16,1,0.0001,16,20,2022-08-24,2024-05-22,2024-05-23,2026-09-25
2026-09-27T18:12:05,AAPL,LSTM,0.01845894523294913,0.012739467710897888,0.46928327645051193,587,False,120,18,3,99,64,0.1,32,1,0.001,32,60,2022-08-24,2024-05-22,2024-05-23,2026-09-25
2026-09-27T18:12:09,AAPL,CNN-LSTM,0.017994608289889476,0.012131293879062198,0.4761092150170648,587,False,120,17,2,99,64,0.1,32,1,0.001,32,60,2022-08-24,2024-05-22,2024-05-23,2026-09-25
2026-09-27T18:12:14,AAPL,CNN-LSTM-Attention,0.0181494682388644,0.01235946620249313,0.44880546075085326,587,False,120,16,1,99,64,0.1,32,1,0.001,32,60,2022-08-24,2024-05-22,2024-05-23,2026-09-25
2026-09-27T18:12:21,AAPL,GA-WOA CNN-LSTM-Attention,0.017904343920862348,0.011987750888369135,0.5051194539249146,587,True,120,16,1,99,96,0.05,16,1,0.0001,16,20,2022-08-24,2024-05-22,2024-05-23,2026-09-25
